[
  {
    "ID": "ride-001",
    "closureProbability": 0.01,
    "inService": true,
    "targetWait": 1,
    "wait": 10,
    "lastUpdated": 0,
    "maxWait": 20,
    "minWait": 0,
    "rideName": "The 4D Sumerian Adventure",
    "waitChangeRate": 1
  },
  {
    "ID": "ride-002",
    "closureProbability": 0.01,
    "inService": true,
    "targetWait": 0,
    "wait": 0,
    "lastUpdated": 0,
    "maxWait": 140,
    "minWait": 20,
    "rideName": "Amazon EventBridge",
    "waitChangeRate": 4
  },
  {
    "ID": "ride-003",
    "closureProbability": 0.01,
    "inService": true,
    "targetWait": 14,
    "wait": 32,
    "lastUpdated": 0,
    "maxWait": 90,
    "minWait": 30,
    "rideName": "API Gateway to the Galaxy",
    "waitChangeRate": 4
  },
  {
    "ID": "ride-004",
    "closureProbability": 0.01,
    "inService": true,
    "targetWait": 19,
    "wait": 27,
    "lastUpdated": 0,
    "maxWait": 60,
    "minWait": 20,
    "rideName": "Serverless Application Repository Carousel",
    "waitChangeRate": 3
  },
  {
    "ID": "ride-005",
    "closureProbability": 0,
    "inService": true,
    "targetWait": 1,
    "wait": 1,
    "lastUpdated": 0,
    "maxWait": 20,
    "minWait": 5,
    "rideName": "SQS Mountain",
    "waitChangeRate": 1
  },
  {
    "ID": "ride-006",
    "closureProbability": 0.15,
    "inService": true,
    "targetWait": 72,
    "wait": 131,
    "lastUpdated": 0,
    "maxWait": 180,
    "minWait": 75,
    "rideName": "Fargate the Flying Elephant Ride",
    "waitChangeRate": 5
  },
  {
    "ID": "ride-007",
    "closureProbability": 0.02,
    "inService": true,
    "targetWait": 77,
    "wait": 77,
    "lastUpdated": 0,
    "maxWait": 80,
    "minWait": 10,
    "rideName": "It's a SFN World",
    "waitChangeRate": 3
  },
  {
    "ID": "ride-008",
    "closureProbability": 0.01,
    "inService": true,
    "targetWait": 0,
    "wait": 22,
    "lastUpdated": 0,
    "maxWait": 200,
    "minWait": 30,
    "rideName": "Kinesis Stream Water Park",
    "waitChangeRate": 4
  },
  {
    "ID": "ride-009",
    "closureProbability": 0.01,
    "inService": true,
    "targetWait": 0,
    "wait": 66,
    "lastUpdated": 0,
    "maxWait": 120,
    "minWait": 20,
    "rideName": "CloudWatch Log Ride",
    "waitChangeRate": 2
  },
  {
    "ID": "ride-010",
    "closureProbability": 0.01,
    "inService": true,
    "targetWait": 0,
    "wait": 20,
    "lastUpdated": 0,
    "maxWait": 60,
    "minWait": 10,
    "rideName": "Character Dining with SAM",
    "waitChangeRate": 5
  },
  {
    "ID": "ride-011",
    "closureProbability": 0,
    "inService": true,
    "targetWait": 5,
    "wait": 44,

    "lastUpdated": 0,
    "maxWait": 65,
    "minWait": 5,
    "rideName": "Lambda Lake",
    "waitChangeRate": 2
  },
  {
    "ID": "ride-012",
    "closureProbability": 0.01,
    "inService": true,
    "targetWait": 16,
    "wait": 16,
    "lastUpdated": 0,
    "maxWait": 30,
    "minWait": 5,
    "rideName": "SNS Submarine Tour",
    "waitChangeRate": 1
  },
  {
    "ID": "ride-013",
    "closureProbability": 0.005,
    "inService": true,
    "targetWait": 8,
    "wait": 8,
    "lastUpdated": 0,
    "maxWait": 45,
    "minWait": 15,
    "rideName": "Amazon Alexa's Petting Zoo",
    "waitChangeRate": 2
  },
  {
    "ID": "ride-014",
    "closureProbability": 0.02,
    "inService": true,
    "targetWait": 27,
    "wait": 46,
    "lastUpdated": 0,
    "maxWait": 90,
    "minWait": 25,
    "rideName": "Serverless Pioneers of Wild Wild US-West-1",
    "waitChangeRate": 6
  },
  {
    "ID": "ride-015",
    "closureProbability": 0.01,
    "inService": true,
    "targetWait": 6,
    "wait": 39,
    "lastUpdated": 0,
    "maxWait": 60,
    "minWait": 30,
    "rideName": "MAD Fortune Teller",
    "waitChangeRate": 1
  },
  {
    "ID": "ride-016",
    "closureProbability": 0.01,
    "inService": true,
    "targetWait": 10,
    "wait": 28,
    "lastUpdated": 0,
    "maxWait": 100,
    "minWait": 20,
    "rideName": "DynamoDB Dynamite Show",
    "waitChangeRate": 10
  }
]